[{
"address":"0x59416A25628A76b4730eC51486114c32E0B582A1",
"symbol":"☀️ PLASMA",
"decimal":6,
"type":"default"
},{
"address":"0xAf30D2a7E90d7DC361c8C4585e9BB7D2F6f15bc7",
"symbol":"1ST",
"decimal":18,
"type":"default"
},{
"address":"0xfdbc1adc26f0f8f8606a5d63b7d3a3cd21c22b23",
"symbol":"1WO",
"decimal":8,
"type":"default"
},{
"address":"0xaEc98A708810414878c3BCDF46Aad31dEd4a4557",
"symbol":"300",
"decimal":18,
"type":"default"
},{
"address":"0x13f1b7fdfbe1fc66676d56483e21b1ecb40b58e2",
"symbol":"ACC",
"decimal":18,
"type":"default"
},{
"address":"0x422866a8F0b032c5cf1DfBDEf31A20F4509562b0",
"symbol":"ADST",
"decimal":0,
"type":"default"
},{
"address":"0xD0D6D6C5Fe4a677D343cC433536BB717bAe167dD",
"symbol":"ADT",
"decimal":9,
"type":"default"
},{
"address":"0x4470BB87d77b963A013DB939BE332f927f2b992e",
"symbol":"ADX",
"decimal":4,
"type":"default"
},{
"address":"0x27dce1ec4d3f72c3e457cc50354f1f975ddef488",
"symbol":"AIR",
"decimal":8,
"type":"default"
},{
"address":"0x1063ce524265d5a3A624f4914acd573dD89ce988",
"symbol":"AIX",
"decimal":18,
"type":"default"
},{
"address":"0xEA610B1153477720748DC13ED378003941d84fAB",
"symbol":"ALIS",
"decimal":18,
"type":"default"
},{
"address":"0x181a63746d3adcf356cbc73ace22832ffbb1ee5a",
"symbol":"ALCO",
"decimal":8,
"type":"default"
},{
"address":"0x638ac149ea8ef9a1286c41b977017aa7359e6cfa",
"symbol":"ALTS",
"decimal":18,
"type":"default"
},{
"address":"0x4dc3643dbc642b72c158e7f3d2ff232df61cb6ce",
"symbol":"AMB",
"decimal":18,
"type":"default"
},{
"address":"0x949bEd886c739f1A3273629b3320db0C5024c719",
"symbol":"AMIS",
"decimal":9,
"type":"default"
},{
"address":"0x960b236A07cf122663c4303350609A66A7B288C0",
"symbol":"ANT",
"decimal":18,
"type":"default"
},{
"address":"0x23aE3C5B39B12f0693e05435EeaA1e51d8c61530",
"symbol":"APT",
"decimal":18,
"type":"default"
},{
"address":"0xAc709FcB44a43c35F0DA4e3163b117A17F3770f5",
"symbol":"ARC",
"decimal":18,
"type":"default"
},{
"address":"0x1245ef80f4d9e02ed9425375e8f649b9221b31d8",
"symbol":"ARCT",
"decimal":8,
"type":"default"
},{
"address":"0xBA5F11b16B155792Cf3B2E6880E8706859A8AEB6",
"symbol":"ARN",
"decimal":8,
"type":"default"
},{
"address":"0xfec0cF7fE078a500abf15F1284958F22049c2C7e",
"symbol":"ART",
"decimal":18,
"type":"default"
},{
"address":"0x7705FaA34B16EB6d77Dfc7812be2367ba6B0248e",
"symbol":"ARX",
"decimal":8,
"type":"default"
},{
"address":"0x27054b13b1B798B345b591a4d22e6562d47eA75a",
"symbol":"AST",
"decimal":4,
"type":"default"
},{
"address":"0x17052d51E954592C1046320c2371AbaB6C73Ef10",
"symbol":"ATH",
"decimal":18,
"type":"default"
},{
"address":"0x78B7FADA55A64dD895D8c8c35779DD8b67fA8a05",
"symbol":"ATL",
"decimal":18,
"type":"default"
},{
"address":"0x887834D3b8D450B6bAB109c252Df3DA286d73CE4",
"symbol":"ATT",
"decimal":18,
"type":"default"
},{
"address":"0xeD247980396B10169BB1d36f6e278eD16700a60f",
"symbol":"AVA 🐴",
"decimal":4,
"type":"default"
},{
"address":"0x0d88ed6e74bbfd96b831231638b66c05571e824f",
"symbol":"AVT",
"decimal":18,
"type":"default"
},{
"address":"0x0D8775F648430679A709E98d2b0Cb6250d2887EF",
"symbol":"BAT",
"decimal":18,
"type":"default"
},{
"address":"0xbc1234552EBea32B5121190356bBa6D3Bb225bb5",
"symbol":"BCL",
"decimal":18,
"type":"default"
},{
"address":"0x1e797Ce986C3CFF4472F7D38d5C4aba55DfEFE40",
"symbol":"BCDN",
"decimal":15,
"type":"default"
},{
"address":"0x1c4481750daa5Ff521A2a7490d9981eD46465Dbd",
"symbol":"BCPT",
"decimal":18,
"type":"default"
},{
"address":"0x74C1E4b8caE59269ec1D85D3D4F324396048F4ac",
"symbol":"BeerCoin 🍺 ",
"decimal":0,
"type":"default"
},{
"address":"0x8aA33A7899FCC8eA5fBe6A608A109c3893A1B8b2",
"symbol":"BET",
"decimal":18,
"type":"default"
},{
"address":"0xb2bfeb70b903f1baac7f2ba2c62934c7e5b974c4",
"symbol":"BKB",
"decimal":8,
"type":"default"
},{
"address":"0xce59d29b09aae565feeef8e52f47c3cd5368c663",
"symbol":"BLX? Bullion Crypto",
"decimal":18,
"type":"default"
},{
"address":"0xE5a7c12972f3bbFe70ed29521C8949b8Af6a0970",
"symbol":"BLX? Iconomi",
"decimal":18,
"type":"default"
},{
"address":"0xdf6ef343350780bf8c3410bf062e0c015b1dd671",
"symbol":"BMC",
"decimal":8,
"type":"default"
},{
"address":"0xf028adee51533b1b47beaa890feb54a457f51e89",
"symbol":"BMT",
"decimal":18,
"type":"default"
},{
"address":"0xb8c77482e45f1f44de1745f52c74426c631bdd52",
"symbol":"BNB",
"decimal":18,
"type":"default"
},{
"address":"0xdD6Bf56CA2ada24c683FAC50E37783e55B57AF9F",
"symbol":"BNC",
"decimal":12,
"type":"default"
},{
"address":"0x1F573D6Fb3F13d689FF844B4cE37794d79a7FF1C",
"symbol":"BNT",
"decimal":18,
"type":"default"
},{
"address":"0x7f1e2c7d6a69bf34824d72c53b4550e895c0d8c2",
"symbol":"BOP",
"decimal":8,
"type":"default"
},{
"address":"0xC2C63F23ec5E97efbD7565dF9Ec764FDc7d4e91d",
"symbol":"BOU",
"decimal":18,
"type":"default"
},{
"address":"0x5Af2Be193a6ABCa9c8817001F45744777Db30756",
"symbol":"BQX",
"decimal":8,
"type":"default"
},{
"address":"0x9E77D5a1251b6F7D456722A6eaC6D2d5980bd891",
"symbol":"BRAT",
"decimal":8,
"type":"default"
},{
"address":"0xf26ef5e0545384b7dcc0f297f2674189586830df",
"symbol":"BSDC",
"decimal":18,
"type":"default"
},{
"address":"0x73dd069c299a5d691e9836243bcaec9c8c1d8734",
"symbol":"BTE",
"decimal":8,
"type":"default"
},{
"address":"0xfad572db566e5234ac9fc3d570c4edc0050eaa92",
"symbol":"BTH",
"decimal":18,
"type":"default"
},{
"address":"0x2accaB9cb7a48c3E82286F0b2f8798D201F4eC3f",
"symbol":"BTL",
"decimal":18,
"type":"default"
},{
"address":"0xcb97e65f07da24d46bcdd078ebebd7c6e6e3d750",
"symbol":"BTM",
"decimal":8,
"type":"default"
},{
"address":"0x26E75307Fc0C021472fEb8F727839531F112f317",
"symbol":"C20",
"decimal":18,
"type":"default"
},{
"address":"0x7d4b8Cce0591C9044a22ee543533b72E976E36C3",
"symbol":"CAG",
"decimal":18,
"type":"default"
},{
"address":"0x1d462414fe14cf489c7A21CaC78509f4bF8CD7c0",
"symbol":"CAN",
"decimal":6,
"type":"default"
},{
"address":"0x111111f7e9B1Fe072ade438F77E1Ce861C7eE4E3",
"symbol":"CAT (BitClave)",
"decimal":18,
"type":"default"
},{
"address":"0x68e14bb5A45B9681327E16E528084B9d962C1a39",
"symbol":"CATs (BitClave)",
"decimal":18,
"type":"default"
},{
"address":"0x56ba2Ee7890461f463F7be02aAC3099f6d5811A8",
"symbol":"CAT (Blockcat)",
"decimal":18,
"type":"default"
},{
"address":"0x28577A6d31559bd265Ce3ADB62d0458550F7b8a7",
"symbol":"CCC",
"decimal":18,
"type":"default"
},{
"address":"0x8a95ca448A52C0ADf0054bB3402dC5e09CD6B232",
"symbol":"CDL",
"decimal":18,
"type":"default"
},{
"address":"0x177d39AC676ED1C67A2b268AD7F1E58826E5B0af",
"symbol":"CDT",
"decimal":18,
"type":"default"
},{
"address":"0x6fFF3806Bbac52A20e0d79BC538d527f6a22c96b",
"symbol":"CDX",
"decimal":18,
"type":"default"
},{
"address":"0x12FEF5e57bF45873Cd9B62E9DBd7BFb99e32D73e",
"symbol":"CFI",
"decimal":18,
"type":"default"
},{
"address":"0x06012c8cf97bead5deae237070f9587f8e7a266d",
"symbol":"CK",
"decimal":0,
"type":"default"
},{
"address":"0x7fce2856899a6806eeef70807985fc7554c66340",
"symbol":"CLP",
"decimal":9,
"type":"default"
},{
"address":"0x7e667525521cF61352e2E01b50FaaaE7Df39749a",
"symbol":"CMC",
"decimal":18,
"type":"default"
},{
"address":"0xf85fEea2FdD81d51177F6b8F35F0e6734Ce45F5F",
"symbol":"CMT",
"decimal":18,
"type":"default"
},{
"address":"0xb2f7eb1f2c37645be61d73953035360e768d81e6",
"symbol":"COB",
"decimal":18,
"type":"default"
},{
"address":"0x65292eeadf1426cd2df1c4793a3d7519f253913b",
"symbol":"COSS",
"decimal":18,
"type":"default"
},{
"address":"0xAef38fBFBF932D1AeF3B808Bc8fBd8Cd8E1f8BC5",
"symbol":"CRB",
"decimal":8,
"type":"default"
},{
"address":"0x672a1AD4f667FB18A333Af13667aa0Af1F5b5bDD",
"symbol":"CRED",
"decimal":18,
"type":"default"
},{
"address":"0x4E0603e2A27A30480E5e3a4Fe548e29EF12F64bE",
"symbol":"CREDO",
"decimal":18,
"type":"default"
},{
"address":"0xE4c94d45f7Aef7018a5D66f44aF780ec6023378e",
"symbol":"CryptoCarbon",
"decimal":6,
"type":"default"
},{
"address":"0xBf4cFD7d1eDeeEA5f6600827411B41A21eB08abd",
"symbol":"CTL",
"decimal":2,
"type":"default"
},{
"address":"0x662aBcAd0b7f345AB7FfB1b1fbb9Df7894f18e66",
"symbol":"CTX",
"decimal":18,
"type":"default"
},{
"address":"0x41e5560054824eA6B0732E656E3Ad64E20e94E45",
"symbol":"CVC",
"decimal":8,
"type":"default"
},{
"address":"0xdab0C31BF34C897Fb0Fe90D12EC9401caf5c36Ec",
"symbol":"DAB",
"decimal":0,
"type":"default"
},{
"address":"0x07d9e49ea402194bf48a8276dafb16e4ed633317",
"symbol":"DALC",
"decimal":8,
"type":"default"
},{
"address":"0xBB9bc244D798123fDe783fCc1C72d3Bb8C189413",
"symbol":"DAO",
"decimal":16,
"type":"default"
},{
"address":"0x81c9151de0c8bafcd325a57e3db5a5df1cebf79c",
"symbol":"DAT",
"decimal":18,
"type":"default"
},{
"address":"0x1b5f21ee98eed48d292e8e2d3ed82b40a9728a22",
"symbol":"DATA (DataBrokerDAO)",
"decimal":18,
"type":"default"
},{
"address":"0x0cf0ee63788a0849fe5297f3407f701e122cc023",
"symbol":"DATA (Streamr)",
"decimal":18,
"type":"default"
},{
"address":"0x399A0e6FbEb3d74c85357439f4c8AeD9678a5cbF",
"symbol":"DCL",
"decimal":3,
"type":"default"
},{
"address":"0xcC4eF9EEAF656aC1a2Ab886743E98e97E090ed38",
"symbol":"DDF",
"decimal":18,
"type":"default"
},{
"address":"0x3597bfD533a99c9aa083587B074434E61Eb0A258",
"symbol":"DENT",
"decimal":8,
"type":"default"
},{
"address":"0xE0B7927c4aF23765Cb51314A0E0521A9645F0E2A",
"symbol":"DGD",
"decimal":9,
"type":"default"
},{
"address":"0x55b9a11c2e8351b4Ffc7b11561148bfaC9977855",
"symbol":"DGX 1.0",
"decimal":9,
"type":"default"
},{
"address":"0x2e071D2966Aa7D8dECB1005885bA1977D6038A65",
"symbol":"DICE",
"decimal":16,
"type":"default"
},{
"address":"0x13f11C9905A08ca76e3e853bE63D4f0944326C72",
"symbol":"DIVX",
"decimal":18,
"type":"default"
},{
"address":"0x07e3c70653548b04f0a75970c1f81b4cbbfb606f",
"symbol":"DLT",
"decimal":18,
"type":"default"
},{
"address":"0x0AbdAce70D3790235af448C88547603b945604ea",
"symbol":"DNT",
"decimal":18,
"type":"default"
},{
"address":"0xEEF6E90034eEa89E31Eb4B8eaCd323F28A92eaE4",
"symbol":"DOW",
"decimal":18,
"type":"default"
},{
"address":"0x01b3Ec4aAe1B8729529BEB4965F27d008788B0EB",
"symbol":"DPP",
"decimal":18,
"type":"default"
},{
"address":"0x3c75226555FC496168d48B88DF83B95F16771F37",
"symbol":"DROP",
"decimal":0,
"type":"default"
},{
"address":"0x621d78f2EF2fd937BFca696CabaF9A779F59B3Ed",
"symbol":"DRP",
"decimal":2,
"type":"default"
},{
"address":"0xd234bf2410a0009df9c3c63b610c09738f18ccd7",
"symbol":"DTR",
"decimal":8,
"type":"default"
},{
"address":"0xafc39788c51f0c1ff7b55317f3e70299e521fff6",
"symbol":"eBCH",
"decimal":8,
"type":"default"
},{
"address":"0xeb7c20027172e5d143fb030d50f91cece2d1485d",
"symbol":"eBTC",
"decimal":8,
"type":"default"
},{
"address":"0xa578aCc0cB7875781b7880903F4594D13cFa8B98",
"symbol":"ECN",
"decimal":2,
"type":"default"
},{
"address":"0x08711D3B02C8758F2FB3ab4e80228418a7F8e39c",
"symbol":"EDG",
"decimal":0,
"type":"default"
},{
"address":"0xced4e93198734ddaff8492d525bd258d49eb388e",
"symbol":"EDO",
"decimal":18,
"type":"default"
},{
"address":"0x5b26C5D0772E5bbaC8b3182AE9a13f9BB2D03765",
"symbol":"EDU",
"decimal":8,
"type":"default"
},{
"address":"0xf9F0FC7167c311Dd2F1e21E9204F87EBA9012fB2",
"symbol":"EHT",
"decimal":8,
"type":"default"
},{
"address":"0xc8C6A31A4A806d3710A7B38b7B296D2fABCCDBA8",
"symbol":"ELIX",
"decimal":18,
"type":"default"
},{
"address":"0xB802b24E0637c2B87D2E8b7784C055BBE921011a",
"symbol":"EMV",
"decimal":2,
"type":"default"
},{
"address":"0xF629cBd94d3791C9250152BD8dfBDF380E2a3B9c",
"symbol":"ENJ",
"decimal":18,
"type":"default"
},{
"address":"0x86Fa049857E0209aa7D9e616F7eb3b3B78ECfdb0",
"symbol":"EOS",
"decimal":18,
"type":"default"
},{
"address":"0x1b9743f556d65e757c4c650b4555baf354cb8bd3",
"symbol":"ETBS",
"decimal":12,
"type":"default"
},{
"address":"0x3a26746Ddb79B1B8e4450e3F4FFE3285A307387E",
"symbol":"ETHB",
"decimal":8,
"type":"default"
},{
"address":"0xf3db5fa2c66b7af3eb0c0b782510816cbe4813b8",
"symbol":"EVX",
"decimal":4,
"type":"default"
},{
"address":"0xc98e0639c6d2ec037a615341c369666b110e80e5",
"symbol":"EXMR",
"decimal":8,
"type":"default"
},{
"address":"0x190e569bE071F40c704e15825F285481CB74B6cC",
"symbol":"FAM",
"decimal":12,
"type":"default"
},{
"address":"0xf04a8ac553FceDB5BA99A64799155826C136b0Be",
"symbol":"FLIXX",
"decimal":18,
"type":"default"
},{
"address":"0x0ABeFb7611Cb3A01EA3FaD85f33C3C934F8e2cF4",
"symbol":"FRD",
"decimal":18,
"type":"default"
},{
"address":"0xe6f74dcfa0e20883008d8c16b6d9a329189d0c30",
"symbol":"FTC",
"decimal":2,
"type":"default"
},{
"address":"0xEA38eAa3C86c8F9B751533Ba2E562deb9acDED40",
"symbol":"FUEL",
"decimal":18,
"type":"default"
},{
"address":"0x419D0d8BdD9aF5e606Ae2232ed285Aff190E711b",
"symbol":"FUN",
"decimal":8,
"type":"default"
},{
"address":"0x88FCFBc22C6d3dBaa25aF478C578978339BDe77a",
"symbol":"FYN",
"decimal":18,
"type":"default"
},{
 "address":"0x708876f486e448ee89eb332bfbc8e593553058b9",
"symbol":"GAVEL",
"decimal":18,
"type":"default"
},{
"address":"0x7585F835ae2d522722d2684323a0ba83401f32f5",
"symbol":"GBT",
"decimal":18,
"type":"default"
},{
"address":"0x4F4f0Db4de903B88f2B1a2847971E231D54F8fd3",
"symbol":"GEE",
"decimal":8,
"type":"default"
},{
"address":"0x24083Bb30072643C3bB90B44B7285860a755e687",
"symbol":"GELD",
"decimal":18,
"type":"default"
},{
"address":"0xae4f56f072c34c0a65b3ae3e4db797d831439d93",
"symbol":"GIM",
"decimal":8,
"type":"default"
},{
"address":"0xb3Bd49E28f8F832b8d1E246106991e546c323502",
"symbol":"GMT",
"decimal":18,
"type":"default"
},{
"address":"0x6810e776880C02933D47DB1b9fc05908e5386b96",
"symbol":"GNO",
"decimal":18,
"type":"default"
},{
"address":"0xa74476443119A942dE498590Fe1f2454d7D4aC0d",
"symbol":"GNT",
"decimal":18,
"type":"default"
},{
"address":"0x12b19d3e2ccc14da04fae33e63652ce469b3f2fd",
"symbol":"GRID",
"decimal":12,
"type":"default"
},{
"address":"0xB70835D7822eBB9426B56543E391846C107bd32C",
"symbol":"GTC",
"decimal":18,
"type":"default"
},{
"address":"0x025abAD9e518516fdaAFBDcdB9701b37fb7eF0FA",
"symbol":"GTKT",
"decimal":0,
"type":"default"
},{
"address":"0xf7B098298f7C69Fc14610bf71d5e02c60792894C",
"symbol":"GUP",
"decimal":3,
"type":"default"
},{
"address":"0x103c3A209da59d3E7C4A89307e66521e081CFDF0",
"symbol":"GVT",
"decimal":18,
"type":"default"
},{
"address":"0x58ca3065c0f24c7c96aee8d6056b5b5decf9c2f8",
"symbol":"GXC",
"decimal":10,
"type":"default"
},{
"address":"0x22F0AF8D78851b72EE799e05F54A77001586B18A",
"symbol":"GXVC",
"decimal":10,
"type":"default"
},{
"address":"0xFeeD1a53bd53FFE453D265FC6E70dD85f8e993b6",
"symbol":"H2O",
"decimal":18,
"type":"default"
},{
"address":"0xffe8196bc259e8dedc544d935786aa4709ec3e64",
"symbol":"HDG",
"decimal":18,
"type":"default"
},{
"address":"0xba2184520A1cC49a6159c57e61E1844E085615B6",
"symbol":"HGT",
"decimal":8,
"type":"default"
},{
"address":"0xa9240fBCAC1F0b9A6aDfB04a53c8E3B0cC1D1444",
"symbol":"HIG",
"decimal":18,
"type":"default"
},{
"address":"0x14F37B574242D366558dB61f3335289a5035c506",
"symbol":"HKG",
"decimal":3,
"type":"default"
},{
"address":"0xcbCC0F036ED4788F63FC0fEE32873d6A7487b908",
"symbol":"HMQ",
"decimal":8,
"type":"default"
},{
"address":"0x554C20B7c486beeE439277b4540A434566dC4C02",
"symbol":"HST",
"decimal":18,
"type":"default"
},{
"address":"0x5a84969bb663fb64F6d015DcF9F622Aedc796750",
"symbol":"ICE",
"decimal":18,
"type":"default"
},{
"address":"0x888666CA69E0f178DED6D75b5726Cee99A87D698",
"symbol":"ICN",
"decimal":18,
"type":"default"
},{
"address":"0xa33e729bf4fdeb868b534e1f20523463d9c46bee",
"symbol":"ICO",
"decimal":10,
"type":"default"
},{
"address":"0x014B50466590340D41307Cc54DCee990c8D58aa8",
"symbol":"ICOS",
"decimal":6,
"type":"default"
},{
"address":"0x814cafd4782d2e728170fda68257983f03321c58",
"symbol":"IDEA",
"decimal":0,
"type":"default"
},{
"address":"0x7654915a1b82d6d2d0afc37c52af556ea8983c7e",
"symbol":"IFT",
"decimal":18,
"type":"default"
},{
"address":"0x16662f73df3e79e54c6c5938b4313f92c524c120",
"symbol":"IIC",
"decimal":18,
"type":"default"
},{
"address":"0x88AE96845e157558ef59e9Ff90E766E22E480390",
"symbol":"IKB",
"decimal":0,
"type":"default"
},{
"address":"0xe3831c5A982B279A198456D577cfb90424cb6340",
"symbol":"IMC",
"decimal":6,
"type":"default"
},{
"address":"0x22E5F62D0FA19974749faa194e3d3eF6d89c08d7",
"symbol":"IMT",
"decimal":0,
"type":"default"
},{
"address":"0xf8e386EDa857484f5a12e4B5DAa9984E06E73705",
"symbol":"IND",
"decimal":18,
"type":"default"
}, {
"address":"0x5b2e4a700dfbc560061e957edec8f6eeeb74a320",
"symbol":"INS",
"decimal":10,
"type":"default"
},{
"address":"0xa8006c4ca56f24d6836727d106349320db7fef82",
"symbol":"INXT",
"decimal":8,
"type":"default"
},{
"address":"0x0aeF06DcCCC531e581f0440059E6FfCC206039EE",
"symbol":"ITT",
"decimal":8,
"type":"default"
},{
"address":"0xfca47962d45adfdfd1ab2d972315db4ce7ccf094",
"symbol":"IXT",
"decimal":8,
"type":"default"
},{
"address":"0x0Aaf561eFF5BD9c8F911616933F84166A17cfE0C",
"symbol":"JBX",
"decimal":0,
"type":"default"
},{
"address":"0x8727c112C712c4a03371AC87a74dD6aB104Af768",
"symbol":"JET (new)",
"decimal":18,
"type":"default"
},{
"address":"0xc1E6C6C681B286Fb503B36a9dD6c1dbFF85E73CF",
"symbol":"JET (old)",
"decimal":18,
"type":"default"
},{
"address":"0x773450335eD4ec3DB45aF74f34F2c85348645D39",
"symbol":"JetCoins",
"decimal":18,
"type":"default"
 },{
 "address":"0xa5Fd1A791C4dfcaacC963D4F73c6Ae5824149eA7",
"symbol":"JNT",
"decimal":18,
"type":"default"
},{
"address":"0x27695E09149AdC738A978e9A678F99E4c39e9eb9",
"symbol":"KICK",
"decimal":8,
"type":"default"
},{
"address":"0x818Fc6C2Ec5986bc6E2CBf00939d90556aB12ce5",
"symbol":"KIN",
"decimal":18,
"type":"default"
},{
"address":"0xdd974D5C2e2928deA5F71b9825b8b646686BD200",
"symbol":"KNC",
"decimal":18,
"type":"default"
},{
"address":"0x9541FD8B9b5FA97381783783CeBF2F5fA793C262",
"symbol":"KZN",
"decimal":8,
"type":"default"
},{
"address":"0x2eb86e8fc520e0f6bb5d9af08f924fe70558ab89",
"symbol":"LGR",
"decimal":8,
"type":"default"
},{
"address":"0xff18dbc487b4c2e3222d115952babfda8ba52f5f",
"symbol":"LIFE",
"decimal":18,
"type":"default"
},{
"address":"0x514910771af9ca656af840dff83e8264ecf986ca",
"symbol":"LINK - ChainLink",
"decimal":18,
"type":"default"
},{
"address":"0xe2e6d4be086c6938b53b22144855eef674281639",
"symbol":"LINK - Link Platform",
"decimal":18,
"type":"default"
},{
"address":"0x24A77c1F17C547105E14813e517be06b0040aa76",
"symbol":"LIVE",
"decimal":18,
"type":"default"
},{
"address":"0x63e634330A20150DbB61B15648bC73855d6CCF07",
"symbol":"LNC",
"decimal":18,
"type":"default"
},{
"address":"0x6beb418fc6e1958204ac8baddcf109b8e9694966",
"symbol":"LNC-Linker Coin",
"decimal":18,
"type":"default"
},{
"address":"0x5e3346444010135322268a4630d2ed5f8d09446c",
"symbol":"LOC",
"decimal":18,
"type":"default"
},{
"address":"0x21aE23B882A340A22282162086bC98D3E2B73018",
"symbol":"LOK",
"decimal":18,
"type":"default"
},{
"address":"0xEF68e7C694F40c8202821eDF525dE3782458639f",
"symbol":"LRC",
"decimal":18,
"type":"default"
},{
"address":"0xFB12e3CcA983B9f59D90912Fd17F8D745A8B2953",
"symbol":"LUCK",
"decimal":0,
"type":"default"
},{
"address":"0xa89b5934863447f6e4fc53b315a93e873bda69a3",
"symbol":"LUM",
"decimal":18,
"type":"default"
},{
"address":"0xfa05A73FfE78ef8f1a739473e462c54bae6567D9",
"symbol":"LUN",
"decimal":18,
"type":"default"
},{
"address":"0x3f4b726668da46f5e0e75aa5d478acec9f38210f",
"symbol":"M-ETH",
"decimal":18,
"type":"default"
},{
"address":"0x0F5D2fB29fb7d3CFeE444a200298f468908cC942",
"symbol":"MANA",
"decimal":18,
"type":"default"
},{
"address":"0x386467f1f3ddbe832448650418311a479eecfc57",
"symbol":"MBRS",
"decimal":0,
"type":"default"
},{
"address":"0x93E682107d1E9defB0b5ee701C71707a4B2E46Bc",
"symbol":"MCAP",
"decimal":8,
"type":"default"
},{
"address":"0x138A8752093F4f9a79AaeDF48d4B9248fab93c9C",
"symbol":"MCI",
"decimal":18,
"type":"default"
},{
"address":"0xB63B606Ac810a52cCa15e44bB630fd42D8d1d83d",
"symbol":"MCO",
"decimal":8,
"type":"default"
},{
"address":"0x51DB5Ad35C671a87207d88fC11d593AC0C8415bd",
"symbol":"MDA",
"decimal":18,
"type":"default"
},{
"address":"0x40395044Ac3c0C57051906dA938B54BD6557F212",
"symbol":"MGO",
"decimal":8,
"type":"default"
},{
"address":"0xe23cd160761f63FC3a1cF78Aa034b6cdF97d3E0C",
"symbol":"MIT",
"decimal":18,
"type":"default"
},{
"address":"0xC66eA802717bFb9833400264Dd12c2bCeAa34a6d",
"symbol":"MKR",
"decimal":18,
"type":"default"
},{
"address":"0xBEB9eF514a379B997e0798FDcC901Ee474B6D9A1",
"symbol":"MLN",
"decimal":18,
"type":"default"
},{
"address":"0x1a95B271B0535D15fa49932Daba31BA612b52946",
"symbol":"MNE",
"decimal":8,
"type":"default"
},{
"address":"0x83cee9e086a77e492ee0bb93c2b0437ad6fdeccc",
"symbol":"MNTP",
"decimal":18,
"type":"default"
},{
"address":"0x957c30aB0426e0C93CD8241E2c60392d08c6aC8e",
"symbol":"MOD",
"decimal":0,
"type":"default"
},{
"address":"0xAB6CF87a50F17d7F5E1FEaf81B6fE9FfBe8EBF84",
"symbol":"MRV",
"decimal":18,
"type":"default"
},{
"address":"0x68AA3F232dA9bdC2343465545794ef3eEa5209BD",
"symbol":"MSP",
"decimal":18,
"type":"default"
},{
"address":"0xaF4DcE16Da2877f8c9e00544c93B62Ac40631F16",
"symbol":"MTH",
"decimal":5,
"type":"default"
},{
"address":"0xF433089366899D83a9f26A773D59ec7eCF30355e",
"symbol":"MTL",
"decimal":8,
"type":"default"
},{
"address":"0x7FC408011165760eE31bE2BF20dAf450356692Af",
"symbol":"MTR",
"decimal":8,
"type":"default"
},{
"address":"0x0AF44e2784637218dD1D32A322D44e603A8f0c6A",
"symbol":"MTX",
"decimal":18,
"type":"default"
},{
"address":"0xf7e983781609012307f2514f63D526D83D24F466",
"symbol":"MYD",
"decimal":16,
"type":"default"
},{
"address":"0xa645264C5603E96c3b0B078cdab68733794B0A71",
"symbol":"MYST",
"decimal":8,
"type":"default"
},{
"address":"0xa54ddc7b3cce7fc8b1e3fa0256d0db80d2c10970",
"symbol":"NDC",
"decimal":18,
"type":"default"
},{
"address":"0xcfb98637bcae43C13323EAa1731cED2B716962fD",
"symbol":"NET",
"decimal":18,
"type":"default"
},{
"address":"0xa823e6722006afe99e91c30ff5295052fe6b8e32",
"symbol":"NEU",
"decimal":18,
"type":"default"
},{
"address":"0xe26517A9967299453d3F1B48Aa005E6127e67210",
"symbol":"NIMFA",
"decimal":18,
"type":"default"
},{
"address":"0x1776e1F26f98b1A5dF9cD347953a26dd3Cb46671",
"symbol":"NMR",
"decimal":18,
"type":"default"
},{
"address":"0xec46f8207d766012454c408de210bcbc2243e71c",
"symbol":"NOX",
"decimal":18,
"type":"default"
},{
"address":"0x45e42D659D9f9466cD5DF622506033145a9b89Bc",
"symbol":"NxC",
"decimal":3,
"type":"default"
},{
"address":"0x7627de4b93263a6a7570b8dafa64bae812e5c394",
"symbol":"NXX",
"decimal":8,
"type":"default"
},{
"address":"0x5c6183d10A00CD747a6Dbb5F658aD514383e9419",
"symbol":"NXX_OLD",
"decimal":8,
"type":"default"
},{
"address":"0x701C244b988a513c945973dEFA05de933b23Fe1D",
"symbol":"OAX",
"decimal":18,
"type":"default"
},{
"address":"0x7F2176cEB16dcb648dc924eff617c3dC2BEfd30d",
"symbol":"OHNI",
"decimal":0,
"type":"default"
},{
"address":"0xd26114cd6EE289AccF82350c8d8487fedB8A0C07",
"symbol":"OMG",
"decimal":18,
"type":"default"
},{
"address":"0xb23be73573bc7e03db6e5dfc62405368716d28a8",
"symbol":"ONEK",
"decimal":18,
"type":"default"
},{
"address":"0x4355fC160f74328f9b383dF2EC589bB3dFd82Ba0",
"symbol":"OPT",
"decimal":18,
"type":"default"
},{
"address":"0x65a15014964f2102ff58647e16a16a6b9e14bcf6",
"symbol":"Ox Fina",
"decimal":3,
"type":"default"
},{
"address":"0x694404595e3075a942397f466aacd462ff1a7bd0",
"symbol":"PATENTS",
"decimal":18,
"type":"default"
},{
"address":"0xB97048628DB6B661D4C2aA833e95Dbe1A905B280",
"symbol":"PAY",
"decimal":18,
"type":"default"
},{
"address":"0x55648de19836338549130b1af587f16bea46f66b",
"symbol":"PBL",
"decimal":18,
"type":"default"
},{
"address":"0xE64509F0bf07ce2d29A7eF19A8A9bc065477C1B4",
"symbol":"PIPL",
"decimal":8,
"type":"default"
},{
"address":"0x8eFFd494eB698cc399AF6231fCcd39E08fd20B15",
"symbol":"PIX",
"decimal":0,
"type":"default"
 },{
"address":"0xE477292f1B3268687A29376116B0ED27A9c76170",
"symbol":"PLAY",
"decimal":18,
"type":"default"
},{
"address":"0x0AfFa06e7Fbe5bC9a764C979aA66E8256A631f02",
"symbol":"PLBT",
"decimal":6,
"type":"default"
},{
"address":"0xe3818504c1B32bF1557b16C238B2E01Fd3149C17",
"symbol":"PLR",
"decimal":18,
"type":"default"
},{
"address":"0xD8912C10681D8B21Fd3742244f44658dBA12264E",
"symbol":"PLU",
"decimal":18,
"type":"default"
},{
"address":"0x0e0989b1f9b8a38983c2ba8053269ca62ec9b195",
"symbol":"POE",
"decimal":8,
"type":"default"
},{
"address":"0x779B7b713C86e3E6774f5040D9cCC2D43ad375F8",
"symbol":"POOL",
"decimal":8,
"type":"default"
},{
"address":"0xee609fe292128cad03b786dbb9bc2634ccdbe7fc",
"symbol":"POS",
"decimal":18,
"type":"default"
},{
"address":"0x595832f8fc6bf59c85c527fec3740a1b7a361269",
"symbol":"POWR",
"decimal":6,
"type":"default"
},{
"address":"0xc42209accc14029c1012fb5680d95fbd6036e2a0",
"symbol":"PPP",
"decimal":18,
"type":"default"
},{
"address":"0xd4fa1460F537bb9085d22C7bcCB5DD450Ef28e3a",
"symbol":"PPT",
"decimal":8,
"type":"default"
},{
"address":"0x88a3e4f35d64aad41a6d4030ac9afe4356cb84fa",
"symbol":"PRE",
"decimal":18,
"type":"default"
},{
"address":"0x226bb599a12C826476e3A771454697EA52E9E220",
"symbol":"PRO",
"decimal":8,
"type":"default"
},{
"address":"0x163733bcc28dbf26B41a8CfA83e369b5B3af741b",
"symbol":"PRS",
"decimal":18,
"type":"default"
},{
"address":"0x7728dfef5abd468669eb7f9b48a7f70a501ed29d",
"symbol":"PRG",
"decimal":6,
"type":"default"
},{
"address":"0x0c04d4f331da8df75f9e2e271e3f3f1494c66c36",
"symbol":"PRSP",
"decimal":9,
"type":"default"
},{
"address":"0x66497a283e0a007ba3974e837784c6ae323447de",
"symbol":"PT",
"decimal":18,
"type":"default"
},{
"address":"0x8Ae4BF2C33a8e667de34B54938B0ccD03Eb8CC06",
"symbol":"PTOY",
"decimal":8,
"type":"default"
},{
"address":"0x671AbBe5CE652491985342e85428EB1b07bC6c64",
"symbol":"QAU",
"decimal":8,
"type":"default"
},{
"address":"0x99ea4dB9EE77ACD40B119BD1dC4E33e1C070b80d",
"symbol":"QSP",
"decimal":18,
"type":"default"
},{
"address":"0x2C3C1F05187dBa7A5f2Dd47Dca57281C4d4F183F",
"symbol":"QTQ",
"decimal":18,
"type":"default"
},{
"address":"0x9a642d6b3368ddc662CA244bAdf32cDA716005BC",
"symbol":"QTUM",
"decimal":18,
"type":"default"
},{
"address":"0x697beac28B09E122C4332D163985e8a73121b97F",
"symbol":"QRL",
"decimal":8,
"type":"default"
},{
"address":"0x255aa6df07540cb5d3d297f0d0d4d84cb52bc8e6",
"symbol":"RDN",
"decimal":18,
"type":"default"
},{
"address":"0x5f53f7a8075614b699baad0bc2c899f4bad8fbbf",
"symbol":"REBL",
"decimal":18,
"type":"default"
},{
"address":"0xE94327D07Fc17907b4DB788E5aDf2ed424adDff6",
"symbol":"REP",
"decimal":18,
"type":"default"
},{
"address":"0xf05a9382A4C3F29E2784502754293D88b835109C",
"symbol":"REX",
"decimal":18,
"type":"default"
},{
"address":"0xdd007278b667f6bef52fd0a4c23604aa1f96039a",
"symbol":"RIPT",
"decimal":8,
"type":"default"
},{
"address":"0x607F4C5BB672230e8672085532f7e901544a7375",
"symbol":"RLC",
"decimal":9,
"type":"default"
},{
"address":"0xcCeD5B8288086BE8c38E23567e684C3740be4D48",
"symbol":"RLT",
"decimal":10,
"type":"default"
},{
"address":"0x4a42d2c580f83dce404acad18dab26db11a1750e",
"symbol":"RLX",
"decimal":18,
"type":"default"
},{
"address":"0x0996bfb5d057faa237640e2506be7b4f9c46de0b",
"symbol":"RNDR",
"decimal":18,
"type":"default"
},{
"address":"0xb4efd85c19999d84251304bda99e90b92300bd93",
"symbol":"RPL",
"decimal":18,
"type":"default"
},{
"address":"0xc9de4b7f0c3d991e967158e4d4bfa4b51ec0b114",
"symbol":"ROK",
"decimal":18,
"type":"default"
},{
"address":"0x4993CB95c7443bdC06155c5f5688Be9D8f6999a5",
"symbol":"ROUND",
"decimal":18,
"type":"default"
 },{
"address":"0x3d1ba9be9f66b8ee101911bc36d3fb562eac2244",
"symbol":"RVT",
"decimal":18,
"type":"default"
},{
"address":"0x8f8221aFbB33998d8584A2B05749bA73c37a938a",
"symbol":"REQ",
"decimal":18,
"type":"default"
},{
"address":"0x4156D3342D5c385a87D264F90653733592000581",
"symbol":"SALT",
"decimal":8,
"type":"default"
},{
"address":"0x7C5A0CE9267ED19B22F8cae653F198e3E8daf098",
"symbol":"SAN",
"decimal":18,
"type":"default"
},{
"address":"0x1ec8fe51a9b6a3a6c427d17d9ecc3060fbc4a45c",
"symbol":"S-A-PAT",
"decimal":18,
"type":"default"
},{
"address":"0xd7631787B4dCc87b1254cfd1e5cE48e96823dEe8",
"symbol":"SCL",
"decimal":8,
"type":"default"
},{
"address":"0x4ca74185532dc1789527194e5b9c866dd33f4e82",
"symbol":"sense",
"decimal":18,
"type":"default"
},{
"address":"0x3eb91d237e491e0dee8582c402d85cb440fb6b54",
"symbol":"S-ETH",
"decimal":18,
"type":"default"
},{
"address":"0xe06eda7435ba749b047380ced49121dde93334ae",
"symbol":"SET",
"decimal":0,
"type":"default"
},{
"address":"0xe06eda7435ba749b047380ced49121dde93334ae",
"symbol":"SET",
"decimal":0,
"type":"default"
},{
"address":"0x98f5e9b7f0e33956c0443e81bf7deb8b5b1ed545",
"symbol":"SEXY",
"decimal":18,
"type":"default"
},{
"address":"0xd248B0D48E44aaF9c49aea0312be7E13a6dc1468",
"symbol":"SGT",
"decimal":1,
"type":"default"
},{
"address":"0xEF2E9966eb61BB494E5375d5Df8d67B7dB8A780D",
"symbol":"SHIT",
"decimal":0,
"type":"default"
},{
"address":"0x8a187d5285d316bcbc9adafc08b51d70a0d8e000",
"symbol":"SIFT",
"decimal":0,
"type":"default"
},{
"address":"0x2bDC0D42996017fCe214b21607a515DA41A9E0C5",
"symbol":"SKIN",
"decimal":6,
"type":"default"
},{
"address":"0x4994e81897a920c0FEA235eb8CEdEEd3c6fFF697",
"symbol":"SKO1",
"decimal":18,
"type":"default"
},{
"address":"0x4c382F8E09615AC86E08CE58266CC227e7d4D913",
"symbol":"SKR",
"decimal":6,
"type":"default"
},{
"address":"0x7A5fF295Dc8239d5C2374E4D894202aAF029Cab6",
"symbol":"SLT",
"decimal":3,
"type":"default"
},{
"address":"0x6F6DEb5db0C4994A8283A01D6CFeEB27Fc3bBe9C",
"symbol":"Smart",
"decimal":0,
"type":"default"
},{
"address":"0xF4134146AF2d511Dd5EA8cDB1C4AC88C57D60404",
"symbol":"SNC",
"decimal":18,
"type":"default"
},{
"address":"0x44F588aEeB8C44471439D1270B3603c66a9262F1",
"symbol":"SNIP",
"decimal":18,
"type":"default"
},{
"address":"0xaeC2E87E0A235266D9C5ADc9DEb4b2E29b54D009",
"symbol":"SNGLS",
"decimal":0,
"type":"default"
},{
"address":"0xf333b2Ace992ac2bBD8798bF57Bc65a06184afBa",
"symbol":"SND",
"decimal":0,
"type":"default"
},{
"address":"0x983F6d60db79ea8cA4eB9968C6aFf8cfA04B3c63",
"symbol":"SNM",
"decimal":18,
"type":"default"
},{
"address":"0x744d70FDBE2Ba4CF95131626614a1763DF805B9E",
"symbol":"SNT",
"decimal":18,
"type":"default"
},{
"address":"0x58bf7df57d9DA7113c4cCb49d8463D4908C735cb",
"symbol":"SPARC",
"decimal":18,
"type":"default"
},{
"address":"0x24aef3bf1a47561500f9430d74ed4097c47f51f2",
"symbol":"SPARTA",
"decimal":4,
"type":"default"
},{
"address":"0x85089389C14Bd9c77FC2b8F0c3d1dC3363Bf06Ef",
"symbol":"SPF",
"decimal":18,
"type":"default"
},{
"address":"0x68d57c9a1C35f63E2c83eE8e49A64e9d70528D25",
"symbol":"SRN",
"decimal":18,
"type":"default"
},{
"address":"0x2C4e8f2D746113d0696cE89B35F0d8bF88E0AEcA",
"symbol":"ST",
"decimal":18,
"type":"default"
},{
"address":"0xF70a642bD387F94380fFb90451C2c81d4Eb82CBc",
"symbol":"STAR",
"decimal":18,
"type":"default"
},{
"address":"0x7dd7f56d697cc0f2b52bd55c057f378f1fe6ab4b",
"symbol":"$TEAK",
"decimal":18,
"type":"default"
},{
"address":"0xB64ef51C888972c908CFacf59B47C1AfBC0Ab8aC",
"symbol":"STORJ",
"decimal":8,
"type":"default"
},{
"address":"0xD0a4b8946Cb52f0661273bfbC6fD0E0C75Fc6433",
"symbol":"STORM",
"decimal":18,
"type":"default"
},{
"address":"0x599346779e90fc3F5F997b5ea715349820F91571",
"symbol":"STN",
"decimal":4,
"type":"default"
},{
"address":"0x46492473755e8dF960F8034877F61732D718CE96",
"symbol":"STRC",
"decimal":8,
"type":"default"
},{
"address":"0x006BeA43Baa3f7A6f765F14f10A1a1b08334EF45",
"symbol":"STX",
"decimal":18,
"type":"default"
},{
"address":"0x12480E24eb5bec1a9D4369CaB6a80caD3c0A377A",
"symbol":"SUB",
"decimal":2,
"type":"default"
},{
"address":"0xB9e7F8568e08d5659f5D29C4997173d84CdF2607",
"symbol":"SWT",
"decimal":18,
"type":"default"
},{
"address":"0x554c98b3ec772f79eE5b96d47A1D10852ED274C8",
"symbol":"SXD",
"decimal":18,
"type":"default"
},{
"address":"0x6ceE948C9d593c58Cba5Dfa70482444899D1341c",
"symbol":"SXS",
"decimal":18,
"type":"default"
},{
"address":"0xaADB05F449072D275833bAf7C82e8fCa4ee46575",
"symbol":"SXU",
"decimal":18,
"type":"default"
},{
"address":"0x10b123fddde003243199aad03522065dc05827a0",
"symbol":"SYN",
"decimal":18,
"type":"default"
},{
"address":"0xE7775A6e9Bcf904eb39DA2b68c5efb4F9360e08C",
"symbol":"TaaS",
"decimal":6,
"type":"default"
},{
"address":"0xAFe60511341a37488de25Bef351952562E31fCc1",
"symbol":"TBT",
"decimal":8,
"type":"default"
},{
"address":"0xa7f976C360ebBeD4465c2855684D1AAE5271eFa9",
"symbol":"TFL",
"decimal":8,
"type":"default"
},{
"address":"0xFACCD5Fc83c3E4C3c1AC1EF35D15adf06bCF209C",
"symbol":"TBC2",
"decimal":8,
"type":"default"
},{
"address":"0x6531f133e6DeeBe7F2dcE5A0441aA7ef330B4e53",
"symbol":"TIME",
"decimal":8,
"type":"default"
},{
"address":"0x80bc5512561c7f85a3a9508c7df7901b370fa1df",
"symbol":"TIO",
"decimal":18,
"type":"default"
},{
"address":"0xEa1f346faF023F974Eb5adaf088BbCdf02d761F4",
"symbol":"TIX",
"decimal":18,
"type":"default"
},{
"address":"0xaAAf91D9b90dF800Df4F55c205fd6989c977E73a",
"symbol":"TKN",
"decimal":8,
"type":"default"
},{
"address":"0x08f5a9235b08173b7569f83645d2c7fb55e8ccd8",
"symbol":"TNT",
"decimal":8,
"type":"default"
},{
"address":"0xCb94be6f13A1182E4A4B6140cb7bf2025d28e41B",
"symbol":"TRST",
"decimal":6,
"type":"default"
  },{
"address":"0xf230b790e05390fc8295f4d3f60332c93bed42e2",
"symbol":"TRX",
"decimal":6,
"type":"default"
},{
"address":"0x24692791bc444c5cd0b81e3cbcaba4b04acd1f3b",
"symbol":"UKG",
"decimal":18,
"type":"default"
},{
"address":"0x89205A3A3b2A69De6Dbf7f01ED13B2108B2c43e7",
"symbol":"Unicorn 🦄",
"decimal":0,
"type":"default"
},{
"address":"0xd01db73e047855efb414e6202098c4be4cd2423b",
"symbol":"UQC",
"decimal":18,
"type":"default"
},{
"address":"0xEbeD4fF9fe34413db8fC8294556BBD1528a4DAca",
"symbol":"VENUS",
"decimal":3,
"type":"default"
},{
"address":"0x8f3470A7388c05eE4e7AF3d01D8C722b0FF52374",
"symbol":"VERI",
"decimal":18,
"type":"default"
},{
"address": "0xD850942eF8811f2A866692A623011bDE52a462C1",
"symbol": "VET",
"decimal": 18,
"type": "default"
},{
"address":"0xe8ff5c9c75deb346acac493c463c8950be03dfba",
"symbol":"VIBE",
"decimal":18,
"type":"default"
},{
"address":"0x2C974B2d0BA1716E644c1FC59982a89DDD2fF724",
"symbol":"VIB",
"decimal":18,
"type":"default"
},{
"address":"0x882448f83d90b2bf477af2ea79327fdea1335d93",
"symbol":"VIBEX",
"decimal":18,
"type":"default"
},{
"address":"0x519475b31653e46d20cd09f9fdcf3b12bdacb4f5",
"symbol":"VIU",
"decimal":18,
"type":"default"
},{
"address":"0x83eEA00D838f92dEC4D1475697B9f4D3537b56E3",
"symbol":"VOISE",
"decimal":8,
"type":"default"
},{
"address":"0xeDBaF3c5100302dCddA53269322f3730b1F0416d",
"symbol":"VRS",
"decimal":5,
"type":"default"
},{
"address":"0x5c543e7AE0A1104f78406C340E9C64FD9fCE5170",
"symbol":"VSL",
"decimal":18,
"type":"default"
},{
"address":"0x82665764ea0b58157E1e5E9bab32F68c76Ec0CdF",
"symbol":"VSM(OLD)",
"decimal":0,
"type":"default"
},{
"address":"0x286BDA1413a2Df81731D4930ce2F862a35A609fE",
"symbol":"WaBi",
"decimal":18,
"type":"default"
},{
"address":"0x74951B677de32D596EE851A233336926e6A2cd09",
"symbol":"WBA",
"decimal":7,
"type":"default"
},{
"address":"0x6a0A97E47d15aAd1D132a1Ac79a480E3F2079063",
"symbol":"WCT",
"decimal":18,
"type":"default"
},{
"address":"0x5e4ABE6419650CA839Ce5BB7Db422b881a6064bB",
"symbol":"WiC",
"decimal":18,
"type":"default"
},{
"address":"0x667088b212ce3d06a1b553a7221E1fD19000d9aF",
"symbol":"WINGS",
"decimal":18,
"type":"default"
},{
"address":"0xF6B55acBBC49f4524Aa48D19281A9A77c54DE10f",
"symbol":"WLK",
"decimal":18,
"type":"default"
},{
"address":"0x728781E75735dc0962Df3a51d7Ef47E798A7107E",
"symbol":"WOLK",
"decimal":18,
"type":"default"
},{
"address":"0x62087245087125d3db5b9a3d713d78e7bbc31e54",
"symbol":"WPC",
"decimal":18,
"type":"default"
},{
"address":"0x910Dfc18D6EA3D6a7124A6F8B5458F281060fa4c",
"symbol":"X8X",
"decimal":18,
"type":"default"
 },{
"address":"0x4DF812F6064def1e5e029f1ca858777CC98D2D81",
"symbol":"XAUR",
"decimal":8,
"type":"default"
},{
"address":"0x533ef0984b2FAA227AcC620C67cce12aA39CD8CD",
"symbol":"XGM",
"decimal":8,
"type":"default"
},{
"address":"0x30f4A3e0aB7a76733D8b60b89DD93c3D0b4c9E2f",
"symbol":"XGT",
"decimal":18,
"type":"default"
},{
"address":"0xB110eC7B1dcb8FAB8dEDbf28f53Bc63eA5BEdd84",
"symbol":"XID",
"decimal":8,
"type":"default"
},{
"address":"0xab95e915c123fded5bdfb6325e35ef5515f1ea69",
"symbol":"XNN",
"decimal":18,
"type":"default"
},{
"address":"0xB24754bE79281553dc1adC160ddF5Cd9b74361a4",
"symbol":"XRL",
"decimal":9,
"type":"default"
},{
"address":"0x0F513fFb4926ff82D7F60A05069047AcA295C413",
"symbol":"XSC",
"decimal":18,
"type":"default"
},{
"address":"0x0F33bb20a282A7649C7B3AFf644F084a9348e933",
"symbol":"YUPIE",
"decimal":18,
"type":"default"
},{
"address":"0x6781a0f84c7e9e846dcb84a9a5bd49333067b104",
"symbol":"ZAP",
"decimal": 18,
"type":"default"
},{
"address":"0xE41d2489571d322189246DaFA5ebDe1F4699F498",
"symbol":"ZRX",
"decimal":18,
"type":"default"
},{
"address":"0xe386b139ed3715ca4b18fd52671bdcea1cdfe4b1",
"symbol":"ZST",
"decimal":8,
"type":"default"
}]
